stranumber,error_log
1739693020652,complete
1739693203179,complete
1739693272667,preflop: cant_choice_Call_player
1739693551756,complete
1739693606655,preflop: cant_choice_Call_player
1739693695477,preflop: no_actions
1739692203135,preflop: no_actions
1739692334907,postflop: no_solution_error(solu_err)
1739692339277,"preflop: cant_choice_Call_player, postflop: multiway"
1739693691842,
1739693495379,complete
1739693627424,
1739692367756,complete
1739692501795,
1739692212251,complete
1739693522931,complete
1739693563040,
1739692510556,
1739692459627,
1739692497084,complete
1739693472604,complete
1739692325442,complete
1739692455289,
1739533995642,
1739693081842,complete
1739693087026,complete
1739692430176,complete
1739692277777,
1739692282037,
1739692329860,
1739692463658,postflop: multiway
1739693076820,
1739693449040,complete
1739693622675,postflop: multiway
1739792929650,complete
1739793241486,complete
1739792829721,
1739793306216,
1739793035987,
1739793228204,complete
1739793354629,
1739793252049,
1739792953388,complete
1739792768559,complete
1739793411222,
1739793110979,complete
1739793199553,"preflop: cant_choice_Call_player, postflop: multiway"
1739793084585,preflop: cant_choice_Call_player
1739793125972,preflop: cant_choice_Call_player
1739793146674,complete
1739793136323,
1739792796928,
1739868704730,postflop: multiway
1739868724060,complete
1739868906982,
1739869142895,complete
1739868727440,"preflop: cant_choice_Call_player, postflop: multiway"
1739868763130,
1739868799749,complete
1739869138823,complete
1739868895257,
1739868955482,postflop: multiway
1739868818878,
1739868976092,complete
1739868708385,"preflop: cant_choice_Call_player, postflop: multiway"
1739868772603,
1739868838589,complete
1739868842636,
1739869151913,complete
1739868996494,
1739869247604,
1739869006220,
1739869018440,preflop: cant_choice_Call_player
1739869082727,
1739868864221,
1739868881200,complete
1739868930935,
1739868970839,complete
1739868980176,postflop: multiway
1739869021953,
1739869069614,
1739869074152,complete
1739869094751,
1739869146937,
1739869159706,
1739869221169,
1739869251184,
1739951038936,complete
1739951087157,
1739951100227,
1739951202756,complete
1739951338298,
1739951156228,
1739951159789,complete
1739951214549,
1739951152410,complete
1739951175179,preflop: no_actions
1739951291209,preflop: cant_choice_Call_player
1739951288183,
1739951009916,
1739951054838,complete
1739951035009,complete
1739951271140,
1739951124203,
1739951335276,complete
1739951281185,complete
1739951297637,preflop: no_solution_error
1739951322231,
1739951006371,complete
1739951109720,
1739951162911,complete
1739951307604,
1739951319271,complete
1740047452988,complete
1740047526081,complete
1740047627178,
1740047630899,
1740047670132,
1740047912701,complete
1740047969848,
1740048048336,
1740018864610,
1740047645073,preflop: no_actions
1740047715612,complete
1740047757583,complete
1740018853107,
1740047696586,
1740048287340,
1740018882640,cant_trust_street
1740018917255,cant_trust_street
1740047430006,
1740047603035,complete
1740047711930,complete
1740048025495,
1740019005599,preflop: cant_choice_Call_player
1740047939244,
1740047438724,postflop: no_solution_error(solu_err)
1740047957640,
1740048283395,complete
1740018765450,postflop: multiway
1740048084254,
1740047776791,
1740047946334,
1740047865999,
1740047869235,
1740047942556,
1740018819781,preflop: cant_choice_Call_player
1740018947376,
1740047754155,
1740047423155,complete
1740047592301,complete
1740018912560,
1740018958649,
1740048150516,postflop: multiway
1740048103003,
1740047574263,
1740047621137,
1740047563361,
1740047981407,
1740018760846,complete
1740047897440,
1740018900231,
1740048210375,
1740047493150,complete
1740018768223,
1740047441386,complete
1740047638174,
1740048307327,postflop: multiway
1740047763756,
1740048195743,complete
1740019008707,
1740047760428,
1740047748195,
1740047802851,complete
1740018647641,preflop: cant_choice_Call_player
1740018686328,complete
1740018749837,
1740018815234,complete
1740018924368,
1740019012056,preflop: cant_choice_Call_player
1740019015517,
1740047434149,complete
1740047556889,complete
1740047663232,preflop: cant_choice_Call_player
1740048199360,
1740303100241,complete
1740303211410,complete
1740303668673,complete
1740303763000,
1740303623769,complete
1740303416074,
1740303449190,complete
1740303481956,
1740303498329,complete
1740303502248,
1740303505981,
1740303608275,complete
1740303643248,complete
1740303063689,
1740303245901,complete
1740303250840,complete
1740303234364,complete
1740215061592,
1740303124874,
1740303241960,
1740215606841,
1740303732269,complete
1740303423846,
1740303524168,complete
1740303736164,
1740303759542,
1740303630441,
1740303777518,
1740303798603,
1740303801851,
1740303825758,
1740190716814,complete
1740303217725,complete
1740215625619,
1740303097593,postflop: multiway
1740303295661,
1740303167039,
1740303404492,cant_trust_street
1740303456945,
1740303773669,
1740303543007,"preflop: cant_choice_Call_player, preflop: no_solution_error"
1740303390197,preflop: no_actions
1740303478272,
